{
    "ReturnCode": 0,
    "GroupId": "+aoxinOULH+yPM8ku3HBGQ==",
    "MailAccount": "Arielle.Sewell@fresno.gov",
    "Name": "Fresno Yosemite International Airport",
    "is_manager": 0,
    "lang": "en",
    "tm_unit": "1",
    "alert_email": "[\"arielle.sewell@fresno.gov\",\"michael.musca@fresno.gov\"]",
    "alert_temperature": "38",
    "alert_with_photo": "1",
    "alert_open": "1",
    "alert_survey_open": 1,
    "account_type": 99,
    "AuthToken": "9c2aef5fd2484789bab80b6687e41f38",
    "Token": "eyJhbGciOiJIUzI1NiJ9.eyJ1aWQiOiJBU1NGS0RPRURTVy4uLiIsInN1YiI6IntpZDorYW94aW5PVUxIK3lQTThrdTNIQkdRPT19IiwiZXhwIjoxNjAwMTM1MTU0LCJpYXQiOjE2MDAxMzE1NTQsImp0aSI6Iithb3hpbk9VTEgreVBNOGt1M0hCR1E9PSJ9.z4Xl1eEB4dRxvtEP_kEREM6uMd-S8_UHf8y8BF0hM5M",
    "Message": "登入成功"
}
{
    "ReturnCode": 0,
    "Data": [
        {
            "sn_id": "PDGMOx49S7L+9meBypSNPA==",
            "sn": "1242220200001970",
            "name": "taxi",
            "customer": "Fresno Yosemite International Airport",
            "fever_tm": "38",
            "startdate": "2020-06-11 00:00:00.0",
            "enddate": "2022-06-30 23:59:59.0",
            "lastupdatetime": "2020-09-14 17:44:35.0",
            "cloud_en": 1,
            "speech_en": 1,
            "qrcode_en": 1,
            "question_en": 1,
            "vip_enddate": "2022-07-01 23:59:59.0",
            "app_question": 1,
            "printer_en": 0,
            "appweb_question": 0
        },
        {
            "sn_id": "LZy7SXGCFT5TiscR4xJHsg==",
            "sn": "1242220180004734",
            "name": "",
            "customer": "Fresno Yosemite International Airport",
            "fever_tm": "38",
            "startdate": "2020-05-07 00:00:00.0",
            "enddate": "2022-07-31 23:59:59.0",
            "lastupdatetime": "2020-09-14 13:03:13.0",
            "cloud_en": 1,
            "speech_en": 1,
            "qrcode_en": 1,
            "question_en": 1,
            "vip_enddate": "2022-07-31 23:59:59.0",
            "app_question": 1,
            "printer_en": 0,
            "appweb_question": 0
        },
        {
            "sn_id": "XrXrO2nu0Ztj0hk7gtBX8A==",
            "sn": "124222018000401b",
            "name": "ARFF",
            "customer": "Fresno Yosemite International Airport",
            "fever_tm": "38",
            "startdate": "2020-03-20 00:00:00.0",
            "enddate": "2022-09-30 23:59:59.0",
            "lastupdatetime": "2020-09-14 17:52:25.0",
            "cloud_en": 1,
            "speech_en": 1,
            "qrcode_en": 1,
            "question_en": 1,
            "vip_enddate": "2022-09-30 23:59:59.0",
            "app_question": 1,
            "printer_en": 0,
            "appweb_question": 0
        }
    ]
}
{
    "ReturnCode": 0,
    "Data": [
        {
            "tmNo": "3420707",
            "sn": "1242220200001970",
            "name": "taxi",
            "tm": "37.2",
            "datetime": "2020-09-14 17:44:35.0",
            "has_photo": true,
            "ques_ans": "[0,0]",
            "qrcode": "17473"
        },
        {
            "tmNo": "3419444",
            "sn": "1242220200001970",
            "name": "taxi",
            "tm": "37.4",
            "datetime": "2020-09-14 15:49:29.0",
            "has_photo": true,
            "ques_ans": "",
            "qrcode": ""
        },
        {
            "tmNo": "3419445",
            "sn": "1242220200001970",
            "name": "taxi",
            "tm": "37.4",
            "datetime": "2020-09-14 15:49:13.0",
            "has_photo": true,
            "ques_ans": "[0,0]",
            "qrcode": "17956"
        },
        {
            "tmNo": "3418828",
            "sn": "1242220200001970",
            "name": "taxi",
            "tm": "36.4",
            "datetime": "2020-09-14 13:38:44.0",
            "has_photo": true,
            "ques_ans": "[0,0]",
            "qrcode": "08730"
        },
        {
            "tmNo": "3418814",
            "sn": "1242220200001970",
            "name": "taxi",
            "tm": "37",
            "datetime": "2020-09-14 13:34:32.0",
            "has_photo": true,
            "ques_ans": "[0,0]",
            "qrcode": "00879"
        },
        {
            "tmNo": "3418802",
            "sn": "1242220200001970",
            "name": "taxi",
            "tm": "36.4",
            "datetime": "2020-09-14 13:32:11.0",
            "has_photo": true,
            "ques_ans": "[0,0]",
            "qrcode": "09874"
        },
        {
            "tmNo": "3418751",
            "sn": "1242220200001970",
            "name": "taxi",
            "tm": "36.3",
            "datetime": "2020-09-14 13:24:51.0",
            "has_photo": true,
            "ques_ans": "[0,0]",
            "qrcode": "05344"
        },
        {
            "tmNo": "3417460",
            "sn": "1242220200001970",
            "name": "taxi",
            "tm": "36.5",
            "datetime": "2020-09-14 11:24:46.0",
            "has_photo": true,
            "ques_ans": "[0,0]",
            "qrcode": "T0216"
        },
        {
            "tmNo": "3415600",
            "sn": "1242220200001970",
            "name": "taxi",
            "tm": "36.1",
            "datetime": "2020-09-14 07:52:17.0",
            "has_photo": true,
            "ques_ans": "[0,0]",
            "qrcode": "17128"
        },
        {
            "tmNo": "3414541",
            "sn": "1242220200001970",
            "name": "taxi",
            "tm": "36.3",
            "datetime": "2020-09-14 06:44:15.0",
            "has_photo": true,
            "ques_ans": "[0,0]",
            "qrcode": "17805"
        },
        {
            "tmNo": "3411732",
            "sn": "1242220200001970",
            "name": "taxi",
            "tm": "36.2",
            "datetime": "2020-09-14 05:44:59.0",
            "has_photo": true,
            "ques_ans": "[0,0]",
            "qrcode": "03727"
        },
        {
            "tmNo": "3411688",
            "sn": "1242220200001970",
            "name": "taxi",
            "tm": "35.9",
            "datetime": "2020-09-14 05:43:45.0",
            "has_photo": true,
            "ques_ans": "[0,0]",
            "qrcode": "16525"
        },
        {
            "tmNo": "3411517",
            "sn": "1242220200001970",
            "name": "taxi",
            "tm": "36",
            "datetime": "2020-09-14 05:39:58.0",
            "has_photo": true,
            "ques_ans": "[0,0]",
            "qrcode": "T0209"
        },
        {
            "tmNo": "3411468",
            "sn": "1242220200001970",
            "name": "taxi",
            "tm": "36.1",
            "datetime": "2020-09-14 05:38:09.0",
            "has_photo": true,
            "ques_ans": "[0,0]",
            "qrcode": "02397"
        },
        {
            "tmNo": "3411270",
            "sn": "1242220200001970",
            "name": "taxi",
            "tm": "36",
            "datetime": "2020-09-14 05:31:21.0",
            "has_photo": true,
            "ques_ans": "[0,0]",
            "qrcode": "08086"
        },
        {
            "tmNo": "3409359",
            "sn": "1242220200001970",
            "name": "taxi",
            "tm": "36.3",
            "datetime": "2020-09-14 03:58:33.0",
            "has_photo": true,
            "ques_ans": "[0,0]",
            "qrcode": "16762"
        },
        {
            "tmNo": "3409240",
            "sn": "1242220200001970",
            "name": "taxi",
            "tm": "36.4",
            "datetime": "2020-09-14 03:51:56.0",
            "has_photo": true,
            "ques_ans": "[0,0]",
            "qrcode": "17067"
        }
    ]
}
{
    "ReturnCode": 0,
    "Data": [
        {
            "tmNo": "3418585",
            "sn": "1242220180004734",
            "name": "",
            "tm": "36.1",
            "datetime": "2020-09-14 13:03:13.0",
            "has_photo": true,
            "ques_ans": "[0,0]",
            "qrcode": ""
        },
        {
            "tmNo": "3418546",
            "sn": "1242220180004734",
            "name": "",
            "tm": "35.9",
            "datetime": "2020-09-14 12:59:01.0",
            "has_photo": true,
            "ques_ans": "[0,0]",
            "qrcode": ""
        },
        {
            "tmNo": "3418424",
            "sn": "1242220180004734",
            "name": "",
            "tm": "36",
            "datetime": "2020-09-14 12:45:37.0",
            "has_photo": true,
            "ques_ans": "",
            "qrcode": ""
        },
        {
            "tmNo": "3418233",
            "sn": "1242220180004734",
            "name": "",
            "tm": "36",
            "datetime": "2020-09-14 12:22:06.0",
            "has_photo": true,
            "ques_ans": "[0,0]",
            "qrcode": "15385"
        },
        {
            "tmNo": "3417536",
            "sn": "1242220180004734",
            "name": "",
            "tm": "36.5",
            "datetime": "2020-09-14 11:30:27.0",
            "has_photo": true,
            "ques_ans": "[0,0]",
            "qrcode": "10262"
        },
        {
            "tmNo": "3416733",
            "sn": "1242220180004734",
            "name": "",
            "tm": "36.1",
            "datetime": "2020-09-14 10:15:47.0",
            "has_photo": true,
            "ques_ans": "[0,0]",
            "qrcode": "T0202"
        },
        {
            "tmNo": "3416734",
            "sn": "1242220180004734",
            "name": "",
            "tm": "36.1",
            "datetime": "2020-09-14 10:15:25.0",
            "has_photo": true,
            "ques_ans": "[0,0]",
            "qrcode": ""
        },
        {
            "tmNo": "3416707",
            "sn": "1242220180004734",
            "name": "",
            "tm": "36.4",
            "datetime": "2020-09-14 10:11:26.0",
            "has_photo": true,
            "ques_ans": "[0,0]",
            "qrcode": "T0203"
        },
        {
            "tmNo": "3416556",
            "sn": "1242220180004734",
            "name": "",
            "tm": "36.2",
            "datetime": "2020-09-14 09:48:59.0",
            "has_photo": true,
            "ques_ans": "[0,0]",
            "qrcode": ""
        },
        {
            "tmNo": "3416172",
            "sn": "1242220180004734",
            "name": "",
            "tm": "36.3",
            "datetime": "2020-09-14 08:52:46.0",
            "has_photo": true,
            "ques_ans": "[0,0]",
            "qrcode": "14846"
        },
        {
            "tmNo": "3416069",
            "sn": "1242220180004734",
            "name": "",
            "tm": "36.1",
            "datetime": "2020-09-14 08:41:22.0",
            "has_photo": true,
            "ques_ans": "[0,0]",
            "qrcode": ""
        },
        {
            "tmNo": "3415991",
            "sn": "1242220180004734",
            "name": "",
            "tm": "36.3",
            "datetime": "2020-09-14 08:30:08.0",
            "has_photo": true,
            "ques_ans": "[0,0]",
            "qrcode": "T0204"
        },
        {
            "tmNo": "3415979",
            "sn": "1242220180004734",
            "name": "",
            "tm": "36.6",
            "datetime": "2020-09-14 08:28:55.0",
            "has_photo": true,
            "ques_ans": "[0,0]",
            "qrcode": "10842"
        },
        {
            "tmNo": "3415913",
            "sn": "1242220180004734",
            "name": "",
            "tm": "36.3",
            "datetime": "2020-09-14 08:21:24.0",
            "has_photo": true,
            "ques_ans": "[0,0]",
            "qrcode": "12642"
        },
        {
            "tmNo": "3415914",
            "sn": "1242220180004734",
            "name": "",
            "tm": "36.1",
            "datetime": "2020-09-14 08:20:54.0",
            "has_photo": true,
            "ques_ans": "[0,0]",
            "qrcode": "05961"
        },
        {
            "tmNo": "3415897",
            "sn": "1242220180004734",
            "name": "",
            "tm": "36.5",
            "datetime": "2020-09-14 08:19:07.0",
            "has_photo": true,
            "ques_ans": "[0,0]",
            "qrcode": "14006"
        },
        {
            "tmNo": "3415876",
            "sn": "1242220180004734",
            "name": "",
            "tm": "36.3",
            "datetime": "2020-09-14 08:16:32.0",
            "has_photo": true,
            "ques_ans": "[0,0]",
            "qrcode": "15153"
        },
        {
            "tmNo": "3415755",
            "sn": "1242220180004734",
            "name": "",
            "tm": "36.3",
            "datetime": "2020-09-14 08:05:30.0",
            "has_photo": true,
            "ques_ans": "[0,0]",
            "qrcode": "13928"
        },
        {
            "tmNo": "3415752",
            "sn": "1242220180004734",
            "name": "",
            "tm": "36.6",
            "datetime": "2020-09-14 08:04:52.0",
            "has_photo": true,
            "ques_ans": "[0,0]",
            "qrcode": "13924"
        },
        {
            "tmNo": "3415728",
            "sn": "1242220180004734",
            "name": "",
            "tm": "35.8",
            "datetime": "2020-09-14 08:01:47.0",
            "has_photo": true,
            "ques_ans": "[0,0]",
            "qrcode": "C0101"
        },
        {
            "tmNo": "3415678",
            "sn": "1242220180004734",
            "name": "",
            "tm": "36.2",
            "datetime": "2020-09-14 07:57:31.0",
            "has_photo": true,
            "ques_ans": "[0,0]",
            "qrcode": "16348"
        },
        {
            "tmNo": "3415659",
            "sn": "1242220180004734",
            "name": "",
            "tm": "36.1",
            "datetime": "2020-09-14 07:56:32.0",
            "has_photo": true,
            "ques_ans": "[0,0]",
            "qrcode": "00170"
        },
        {
            "tmNo": "3415643",
            "sn": "1242220180004734",
            "name": "",
            "tm": "36",
            "datetime": "2020-09-14 07:55:33.0",
            "has_photo": true,
            "ques_ans": "[0,0]",
            "qrcode": ""
        },
        {
            "tmNo": "3415634",
            "sn": "1242220180004734",
            "name": "",
            "tm": "36.2",
            "datetime": "2020-09-14 07:55:01.0",
            "has_photo": true,
            "ques_ans": "[0,0]",
            "qrcode": ""
        },
        {
            "tmNo": "3415635",
            "sn": "1242220180004734",
            "name": "",
            "tm": "36.3",
            "datetime": "2020-09-14 07:54:41.0",
            "has_photo": true,
            "ques_ans": "[0,0]",
            "qrcode": "T0206"
        },
        {
            "tmNo": "3415636",
            "sn": "1242220180004734",
            "name": "",
            "tm": "36.4",
            "datetime": "2020-09-14 07:54:20.0",
            "has_photo": true,
            "ques_ans": "[0,0]",
            "qrcode": ""
        },
        {
            "tmNo": "3415621",
            "sn": "1242220180004734",
            "name": "",
            "tm": "36.6",
            "datetime": "2020-09-14 07:53:52.0",
            "has_photo": true,
            "ques_ans": "[0,0]",
            "qrcode": ""
        },
        {
            "tmNo": "3415614",
            "sn": "1242220180004734",
            "name": "",
            "tm": "35.8",
            "datetime": "2020-09-14 07:53:19.0",
            "has_photo": true,
            "ques_ans": "[0,0]",
            "qrcode": ""
        },
        {
            "tmNo": "3415605",
            "sn": "1242220180004734",
            "name": "",
            "tm": "36.3",
            "datetime": "2020-09-14 07:52:51.0",
            "has_photo": true,
            "ques_ans": "[0,0]",
            "qrcode": ""
        },
        {
            "tmNo": "3415463",
            "sn": "1242220180004734",
            "name": "",
            "tm": "36",
            "datetime": "2020-09-14 07:42:55.0",
            "has_photo": true,
            "ques_ans": "[0,0]",
            "qrcode": "15167"
        },
        {
            "tmNo": "3415450",
            "sn": "1242220180004734",
            "name": "",
            "tm": "36",
            "datetime": "2020-09-14 07:42:13.0",
            "has_photo": true,
            "ques_ans": "[0,0]",
            "qrcode": ""
        },
        {
            "tmNo": "3415416",
            "sn": "1242220180004734",
            "name": "",
            "tm": "35.8",
            "datetime": "2020-09-14 07:38:57.0",
            "has_photo": true,
            "ques_ans": "[0,0]",
            "qrcode": "05061"
        },
        {
            "tmNo": "3415349",
            "sn": "1242220180004734",
            "name": "",
            "tm": "36.4",
            "datetime": "2020-09-14 07:33:02.0",
            "has_photo": true,
            "ques_ans": "[0,0]",
            "qrcode": "14040"
        },
        {
            "tmNo": "3415262",
            "sn": "1242220180004734",
            "name": "",
            "tm": "35.9",
            "datetime":"2020-09-14 
07: 26: 01.0","has_photo":true,"ques_ans":"[
                0,
                0
            ]","qrcode":"13774"},{"tmNo":"3415253","sn":"1242220180004734","name":"","tm":"36.1","datetime":"2020-09-14 07: 25: 16.0","has_photo":true,"ques_ans":"[
                0,
                0
            ]","qrcode":"12997"},{"tmNo":"3415137","sn":"1242220180004734","name":"","tm":"36.5","datetime":"2020-09-14 07: 13: 39.0","has_photo":true,"ques_ans":"[
                0,
                0
            ]","qrcode":"07991"},{"tmNo":"3414797","sn":"1242220180004734","name":"","tm":"36.5","datetime":"2020-09-14 06: 54: 43.0","has_photo":true,"ques_ans":"[
                0,
                0
            ]","qrcode":"17713"},{"tmNo":"3414772","sn":"1242220180004734","name":"","tm":"36.3","datetime":"2020-09-14 06: 53: 31.0","has_photo":true,"ques_ans":"[
                0,
                0
            ]","qrcode":""},{"tmNo":"3414594","sn":"1242220180004734","name":"","tm":"36.3","datetime":"2020-09-14 06: 46: 05.0","has_photo":true,"ques_ans":"[
                0,
                0
            ]","qrcode":"00745"},{"tmNo":"3411611","sn":"1242220180004734","name":"","tm":"36.2","datetime":"2020-09-14 05: 42: 11.0","has_photo":true,"ques_ans":"[
                0,
                0
            ]","qrcode":"04075"},{"tmNo":"3411394","sn":"1242220180004734","name":"","tm":"35.9","datetime":"2020-09-14 05: 35: 32.0","has_photo":true,"ques_ans":"[
                0,
                0
            ]","qrcode":"15461"}]}
{
                "ReturnCode": 0,
                "Data": [
                    {
                        "tmNo": "3420838",
                        "sn": "124222018000401B",
                        "name": "ARFF",
                        "tm": "36.1",
                        "datetime": "2020-09-14 17:52:25.0",
                        "has_photo": true,
                        "ques_ans": "[0,0]",
                        "qrcode": "14438"
                    },
                    {
                        "tmNo": "3420795",
                        "sn": "124222018000401B",
                        "name": "ARFF",
                        "tm": "36.5",
                        "datetime": "2020-09-14 17:49:17.0",
                        "has_photo": true,
                        "ques_ans": "[0,0]",
                        "qrcode": "17066"
                    },
                    {
                        "tmNo": "3416925",
                        "sn": "124222018000401B",
                        "name": "ARFF",
                        "tm": "36.2",
                        "datetime": "2020-09-14 10:34:44.0",
                        "has_photo": true,
                        "ques_ans": "[0,0]",
                        "qrcode": "13054"
                    },
                    {
                        "tmNo": "3416390",
                        "sn": "124222018000401B",
                        "name": "ARFF",
                        "tm": "36.3",
                        "datetime": "2020-09-14 09:29:23.0",
                        "has_photo": true,
                        "ques_ans": "[0,0]",
                        "qrcode": "13740"
                    },
                    {
                        "tmNo": "3416018",
                        "sn": "124222018000401B",
                        "name": "ARFF",
                        "tm": "36.4",
                        "datetime": "2020-09-14 08:33:24.0",
                        "has_photo": true,
                        "ques_ans": "[0,0]",
                        "qrcode": "05678"
                    },
                    {
                        "tmNo": "3415298",
                        "sn": "124222018000401B",
                        "name": "ARFF",
                        "tm": "36.1",
                        "datetime": "2020-09-14 07:29:45.0",
                        "has_photo": true,
                        "ques_ans": "[0,0]",
                        "qrcode": "14838"
                    },
                    {
                        "tmNo": "3415299",
                        "sn": "124222018000401B",
                        "name": "ARFF",
                        "tm": "36.1",
                        "datetime": "2020-09-14 07:29:15.0",
                        "has_photo": true,
                        "ques_ans": "[0,0]",
                        "qrcode": ""
                    },
                    {
                        "tmNo": "3415001",
                        "sn": "124222018000401B",
                        "name": "ARFF",
                        "tm": "36.6",
                        "datetime": "2020-09-14 07:04:22.0",
                        "has_photo": true,
                        "ques_ans": "[0,0]",
                        "qrcode": "13332"
                    },
                    {
                        "tmNo": "3414054",
                        "sn": "124222018000401B",
                        "name": "ARFF",
                        "tm": "36",
                        "datetime": "2020-09-14 06:24:15.0",
                        "has_photo": true,
                        "ques_ans": "[0,0]",
                        "qrcode": "17757"
                    }
                ]
            }